{
  "main-nav-menu": [
    {
      "label": "Home",
      "href": "/",
      "exact": true
    },
    {
      "label": "Products",
      "href": "/products"
    }
  ],
  "footer-nav-menu": [
    {
      "label": "Privacy Policy",
      "href": "/privacy"
    },
    {
      "label": "Terms of Service",
      "href": "/terms"
    }
  ],
  "user-nav-menu": [
    {
      "label": "Profile",
      "href": "/profile"
    },
    {
      "label": "Sign Out",
      "href": "/auth/signout"
    }
  ]
}
